{
  "type": "step_based",
  "name": "ETL_DEMO",
  "active": false,
  "creationTag": {
    "versionNumber": 1,
    "lastModifiedBy": {
      "login": "admin"
    },
    "lastModifiedOn": 1719418017028
  },
  "versionTag": {
    "versionNumber": 2,
    "lastModifiedBy": {
      "login": "admin"
    },
    "lastModifiedOn": 1719418108535
  },
  "checklists": {
    "checklists": []
  },
  "delayedTriggersBehavior": {
    "delayWhileRunning": true,
    "squashDelayedTriggers": true,
    "suppressTriggersWhileRunning": true
  },
  "tags": [],
  "triggers": [],
  "reporters": [],
  "params": {
    "steps": [
      {
        "id": "build_0_true_d_Raw_Churn_Dataset_d_DWH_CHURN_DATASET",
        "type": "build_flowitem",
        "name": "Trigger_Dataiku",
        "runConditionType": "RUN_IF_STATUS_MATCH",
        "runConditionStatuses": [
          "SUCCESS",
          "WARNING"
        ],
        "runConditionExpression": "",
        "resetScenarioStatus": false,
        "delayBetweenRetries": 10,
        "maxRetriesOnFail": 0,
        "params": {
          "builds": [
            {
              "type": "DATASET",
              "itemId": "Raw_Churn_Dataset",
              "partitionsSpec": ""
            },
            {
              "type": "DATASET",
              "itemId": "DWH_CHURN_DATASET",
              "partitionsSpec": ""
            },
            {
              "type": "DATASET",
              "itemId": "SEND_EMAIL",
              "partitionsSpec": ""
            }
          ],
          "jobType": "RECURSIVE_FORCED_BUILD",
          "refreshHiveMetastore": true,
          "handleWarningsAs": "WARNING",
          "proceedOnFailure": false
        }
      }
    ]
  },
  "automationLocal": false,
  "customFields": {}
}