{
  "type": "Snowflake",
  "managed": true,
  "featureGroup": false,
  "checklists": {
    "checklists": []
  },
  "checks": [],
  "customMeta": {
    "kv": {}
  },
  "flowOptions": {
    "virtualizable": false,
    "rebuildBehavior": "NORMAL",
    "crossProjectBuildBehavior": "DEFAULT"
  },
  "readWriteOptions": {
    "preserveOrder": false,
    "writeBuckets": 1,
    "forceSingleOutputFile": false,
    "defaultReadOrdering": {
      "enabled": false,
      "rules": []
    }
  },
  "partitioning": {
    "ignoreNonMatchingFile": false,
    "considerMissingRequestedPartitionsAsEmpty": false,
    "dimensions": []
  },
  "versionTag": {
    "versionNumber": 3,
    "lastModifiedBy": {
      "login": "admin"
    },
    "lastModifiedOn": 1719416752709
  },
  "creationTag": {
    "versionNumber": 0,
    "lastModifiedBy": {
      "login": "admin"
    },
    "lastModifiedOn": 1719416733940
  },
  "tags": [],
  "params": {
    "connection": "snowflake_conn",
    "notReadyIfEmpty": false,
    "mode": "table",
    "partitioningType": "custom",
    "normalizeDoubles": true,
    "table": "${projectKey}_RAW_CHURN_DATASET",
    "tableCreationMode": "auto",
    "writeInsertBatchSize": 10000,
    "writeJDBCBadDataBehavior": "DISCARD_ROW",
    "readColsWithUnknownTzAsDates": false,
    "readSQLDateColsAsDSSDates": true,
    "sparkJdbcAccess": "NONE",
    "numPartitions": -1
  },
  "schema": {
    "columns": [
      {"name":"customerID","type":"string","maxLength":4194304},
      {"name":"gender","type":"string","meaning":"Text","maxLength":4194304},
      {"name":"SeniorCitizen","type":"int"},
      {"name":"Partner","type":"string","meaning":"Text","maxLength":4194304},
      {"name":"Dependents","type":"string","meaning":"Text","maxLength":4194304},
      {"name":"tenure","type":"string","maxLength":4194304},
      {"name":"PhoneService","type":"string","meaning":"Text","maxLength":4194304},
      {"name":"MultipleLines","type":"string","meaning":"Text","maxLength":4194304},
      {"name":"InternetService","type":"string","meaning":"Text","maxLength":4194304},
      {"name":"OnlineSecurity","type":"string","meaning":"Text","maxLength":4194304},
      {"name":"OnlineBackup","type":"string","meaning":"Text","maxLength":4194304},
      {"name":"DeviceProtection","type":"string","meaning":"Text","maxLength":4194304},
      {"name":"TechSupport","type":"string","meaning":"Text","maxLength":4194304},
      {"name":"StreamingTV","type":"string","meaning":"Text","maxLength":4194304},
      {"name":"StreamingMovies","type":"string","meaning":"Text","maxLength":4194304},
      {"name":"Contract","type":"string","maxLength":4194304},
      {"name":"PaperlessBilling","type":"string","meaning":"Text","maxLength":4194304},
      {"name":"PaymentMethod","type":"string","maxLength":4194304},
      {"name":"MonthlyCharges","type":"string","maxLength":4194304},
      {"name":"TotalCharges","type":"string","maxLength":4194304},
      {"name":"numAdminTickets","type":"string","maxLength":4194304},
      {"name":"numTechTickets","type":"string","maxLength":4194304},
      {"name":"Churn","type":"string","meaning":"Text","maxLength":4194304},
      {"name":"States","type":"string","maxLength":4194304},
      {"name":"Country","type":"string","maxLength":4194304}
    ],
    "userModified": true
  },
  "dkuProperties": [],
  "metrics": {
    "probes": [
      {
        "type": "basic",
        "enabled": true,
        "computeOnBuildMode": "PARTITION",
        "meta": {
          "name": "Basic data",
          "level": 0
        },
        "configuration": {}
      },
      {
        "type": "records",
        "enabled": true,
        "computeOnBuildMode": "NO",
        "meta": {
          "name": "Record count",
          "level": 0
        },
        "configuration": {}
      }
    ],
    "engineConfig": {
      "padRunsWithMetrics": false,
      "hive": {
        "active": true,
        "extraConf": []
      },
      "basic": {},
      "dss": {
        "active": true,
        "selection": {
          "useMemTable": false,
          "filter": {
            "distinct": false,
            "enabled": false
          },
          "partitionSelectionMethod": "ALL",
          "latestPartitionsN": 1,
          "ordering": {
            "enabled": false,
            "rules": []
          },
          "samplingMethod": "FULL",
          "maxRecords": -1,
          "targetRatio": 0.02,
          "withinFirstN": -1,
          "maxReadUncompressedBytes": -1
        }
      },
      "sql": {
        "active": true
      },
      "impala": {
        "active": true
      },
      "spark": {
        "active": true,
        "extraConf": []
      },
      "python": {}
    },
    "displayedState": {
      "columns": [],
      "metrics": [
        "basic:COUNT_COLUMNS",
        "records:COUNT_RECORDS"
      ]
    }
  },
  "metricsChecks": {
    "runOnBuild": false,
    "checks": [],
    "displayedState": {
      "checks": []
    }
  },
  "customFields": {}
}